Country,Active_Military,Reserve_Military,Paramilitary,Total,sq_km,sq_mi,Country_Size_Rank
Afghanistan,170000,0,0,170000,652864,252072,40
Albania,8500,2100,0,10600,28748,11100,138
Algeria,130000,150000,187200,467200,2381741,919595,11
Angola,107000,0,10000,117000,1246700,481350,22
Antigua_and_Barbuda ,240,75,0,315,442,171,169
Argentina,72100,0,31250,103350,2780400,1073500,9
Armenia,44800,210000,4300,259100,29743,11484,137
Australia,58600,30100,0,88700,7741220,2988900,6
Austria,22050,125600,0,147650,83878,32385,113
Azerbaijan,126950,330000,15000,471950,86600,33400,112
Bahamas,1300,0,0,1300,13880,5359,152
Bahrain,8200,0,11260,19460,778,300,166
Bangladesh,163050,0,63900,226950,148460,57321,92
Barbados,610,430,0,1040,431,166,170
Belarus,45350,289500,110000,444850,207600,80160,84
Belgium,26300,5100,0,31400,30528,11787,135
Belize,1500,700,150,2350,22965,8867,145
Benin,7250,0,4800,12050,114763,44310,100
Bolivia,34100,0,37100,71200,1098581,424164,27
Bosnia_and_Herzegovina,10500,0,0,10500,51209,19772,125
Botswana,9000,0,0,9000,582000,225000,47
Brazil,366500,1340000,395000,2101500,8510346,3285862,5
Brunei,7200,700,450,8350,5765,2226,161
Bulgaria,36950,3000,0,39950,110879,42811,103
Burkina_Faso,11200,0,250,11450,274200,105900,74
Burundi,30050,0,21000,51050,27834,10747,140
Cambodia,124300,0,67000,191300,181035,69898,88
Cameroon,25400,0,9000,34400,475650,183650,53
Canada,67400,35600,4500,107500,9984670,3855100,2
Cape_Verde,1200,0,0,1200,4033,1557,163
Central_African_Republic,9150,0,1000,10150,622984,240535,44
Chad,33250,0,11900,45150,1284000,495800,20
Chile,77200,40000,44700,161900,756102,291932,37
China,2035000,510000,500000,3045000,9596960,3705410,3
Colombia,293200,34950,187900,516050,1138910,439735,25
Costa_Rica,0,0,9800,9800,51100,19700,126
Croatia,15200,18350,3000,36550,56594,21851,124
Cuba,49000,39000,1146500,1234500,109884,42426,104
Cyprus,15000,50000,750,65750,9251,3572,160
Czech_Republic,21750,0,0,21750,78871,30452,115
Dem_Rep_of_Congo,134250,0,0,134250,2344858,905354,12
Denmark_Greenland_Faroe,14500,44000,0,58500,4378052,1690375,7
Djibouti,10450,0,2650,13100,23200,8960,144
Dominican_Republic,56050,0,15000,71050,48670,18790,128
East_Timor,2280,0,0,2280,14874,5743,151
Ecuador,40250,118000,500,158750,283561,109483,73
Egypt,438500,479000,397000,1314500,1001450,386662,29
El_Salvador,24500,9900,17000,51400,21041,8124,147
Equatorial_Guinea,2400,0,0,2400,28051,10831,139
Eritrea,201750,120000,0,321750,117600,45410,99
Estonia,7100,17500,0,24600,45339,17505,129
Ethiopia,138000,0,0,138000,1104300,426370,26
Fiji,3500,6000,0,9500,18272,7055,149
Finland,23800,254000,14200,292000,338145,130558,65
France,208750,141050,30800,380600,643801,248573,42
Gabon,4700,0,2000,6700,267668,103347,76
Gambia ,800,0,0,800,11295,4361,156
Georgia,20650,0,5400,26050,69700,26900,119
Germany,183500,50050,0,233550,357581,138063,63
Ghana,15500,0,0,15500,238537,92100,80
Greece,142700,221350,4000,368050,131957,50949,95
Guatemala,18050,63850,25000,106900,108889,42042,105
Guinea,9700,0,2600,12300,245857,94926,78
Guinea-Bissau,4450,0,0,4450,36125,13948,132
Guyana,3400,670,0,4070,214969,83000,83
Haiti,700,0,50,750,27750,10710,141
Honduras,14950,60000,8000,82950,112492,43433,101
Hungary,27800,20000,12000,59800,93025,35917,108
Iceland,0,0,250,250,103000,39800,106
India,1475750,1155000,2557050,5187800,3287263,1269219,8
Indonesia,404500,400000,290200,1094700,1904569,735358,15
Iran,610000,350000,40000,1000000,1648195,636371,17
Iraq,193000,0,148000,341000,438317,169235,58
Ireland,9500,4050,0,13550,70273,27133,118
Israel,169500,465000,8000,642500,21937,8470,146
Italy,165500,18300,175750,359550,302068,116629,71
Ivory_Coast,27400,0,0,27400,322462,124503,68
Jamaica,3950,980,0,4930,10991,4244,157
Japan,247000,55900,14700,317600,377915,145914,62
Jordan,100500,65000,15000,180500,89318,34486,110
Kazakhstan,39000,0,31500,70500,2724910,1052090,10
Kenya,24100,0,5000,29100,580367,224081,48
Kosovo ,5000,3000,1500,9500,10887,4203,158
Kuwait,17500,23700,7100,48300,17818,6880,150
Kyrgyzstan,10900,0,9500,20400,199949,77201,85
Laos,29100,0,100000,129100,236800,91430,82
Latvia,6210,15900,0,22110,64594,24940,122
Lebanon,60000,0,20000,80000,10452,4036,159
Lesotho,2000,0,0,2000,30355,11720,136
Liberia,2010,0,0,2010,111369,43000,102
Lithuania,19850,6700,14400,40950,65286,25207,121
Luxembourg,900,0,600,1500,2586,998,164
Madagascar,13500,0,8100,21600,587041,226658,46
Malawi,10700,0,4200,14900,118484,45747,98
Malaysia,113000,51600,267200,431800,329847,127355,67
Mali,13000,0,7800,20800,1240192,478841,23
Malta,1950,180,0,2130,315,122,171
Mauritania,15850,0,5000,20850,1030700,397960,28
Mauritius,0,0,2550,2550,2040,788,165
Mexico,216000,81500,111900,409400,1964375,758449,14
Moldova,5150,58000,900,64050,33847,13068,134
Mongolia,9700,137000,7500,154200,1564116,603908,18
Montenegro,2350,0,10100,12450,13812,5333,153
Morocco,195800,150000,50000,395800,446550,172410,57
Mozambique,11200,0,0,11200,799380,308640,35
Myanmar,201000,0,107000,308000,676578,261228,39
Namibia,9900,0,6000,15900,824292,318261,34
Nepal,96600,0,15000,111600,147181,56827,93
Netherlands,35400,4500,5900,45800,41865,16164,130
New_Zealand,9000,2300,0,11300,268838,103799,75
Nicaragua,12000,0,0,12000,130373,50337,96
Niger,5300,0,5400,10700,1267000,489200,21
Nigeria,143000,0,80000,223000,923768,356669,31
North_Korea,1280000,600000,5700000,7580000,120538,46540,97
North_Macedonia,8000,4850,7600,20450,25713,9928,143
Norway,23250,40000,0,63250,386224,149122,61
Oman,42600,0,4400,47000,309500,119500,70
Pakistan,660000,550000,291000,1501000,882363,340682,33
Panama,0,0,26000,26000,75320,29080,116
Papua_New_Guinea,3600,0,0,3600,462840,178700,54
Paraguay,13950,164500,14800,193250,406752,157048,59
Peru,81000,188000,77000,346000,1285216,496224,19
Philippines,150000,1400000,62300,1612300,300000,100000,72
Poland,114050,0,75400,189450,312685,120728,69
Portugal,27250,211700,24700,263650,92225,35608,109
Qatar,16500,0,5000,21500,11586,4473,155
Republic_of_the_Congo,10000,0,2000,12000,342000,132000,64
Romania,69300,50000,57000,176300,238398,92046,81
Russia,1100000,1500000,559000,3159000,17098246,6601667,1
Rwanda,33000,0,2000,35000,26338,10169,142
Saudi_Arabia,257000,0,24500,281500,2149690,830000,13
Senegal,13600,0,5000,18600,196712,75951,86
Serbia,28150,50150,3700,82000,88499,34170,111
Seychelles,420,0,0,420,457,176,168
Sierra_Leone,8500,0,0,8500,72300,27900,117
Singapore,51000,252500,7400,310900,736,284,167
Slovakia,15850,0,0,15850,49035,18933,127
Slovenia,7250,1500,5950,14700,20273,7827,148
Somalia,19800,0,0,19800,637657,246201,43
South_Africa,65350,15050,0,80400,1219090,470693,24
South_Korea,500000,3100000,3013500,6613500,100432,38777,107
South_Sudan,185000,0,0,185000,644329,248777,41
Spain,120350,15150,75800,211300,505370,195120,51
Sri_Lanka,255000,5500,92600,353100,65610,25330,120
Sudan,104300,0,105000,209300,1861484,718723,16
Suriname,1840,0,0,1840,163820,63251,90
Sweden,29750,0,21200,50950,450295,173860,55
Switzerland,19550,196450,0,216000,41291,15943,131
Syria,169000,0,100000,269000,185180,71498,87
Taiwan,169000,1657000,11800,1837800,35980,13890,133
Tajikistan,8800,0,7500,16300,144100,55640,94
Tanzania,27000,80000,1400,108400,947303,365756,30
Thailand,360850,200000,138700,699550,513120,198120,50
Togo,8550,0,750,9300,56785,21925,123
Trinidad_and_Tobago,4050,0,0,4050,5127,1980,162
Tunisia,35800,0,12000,47800,163610,63170,91
Turkey,355200,378700,156800,890700,783562,302535,36
Turkmenistan,36500,0,5000,41500,488100,188500,52
Uganda,45000,10000,1400,56400,241550,93263,79
Ukraine,1250000,2500000,102000,3852000,603550,233030,45
United_Arab_Emirates,63000,130000,0,193000,83600,32300,114
UnitedKingdom_Falkland_IsleofMan,196453,78600,0,275053,257121,99275,77
UnitedStates_PuertoRico_Guam,1328000,799500,0,2127500,9534708,3681356,4
Uruguay,21000,0,1400,22400,176215,68037,89
Uzbekistan,48000,0,20000,68000,447400,172700,56
Vanuatu,0,0,300,300,12189,4706,154
Vatican_City,0,135,0,135,0.49,0.19,172
Venezuela,123000,8000,220000,351000,912050,352140,32
Vietnam,450000,5000000,40000,5490000,331340,127930,66
Yemen,40000,0,0,40000,527968,203850,49
Zambia,15100,3000,1400,19500,752612,290585,38
Zimbabwe,29000,0,21800,50800,390757,150872,60
